{"cameraMode":{"drawMode":0,"name":"Shaded","section":"Shading Mode"},"sceneLighting":true,"audioPlay":false,"sceneViewState":{"m_AlwaysRefresh":false,"showFog":true,"showSkybox":true,"showFlares":true,"showImageEffects":true,"showParticleSystems":true,"showVisualEffectGraphs":true,"m_FxEnabled":true},"in2DMode":false,"pivot":{"x":-19.076698303222658,"y":-4.667540073394775,"z":3.9222142696380617},"rotation":{"x":0.06374100595712662,"y":-0.5973701477050781,"z":0.04789061099290848,"w":0.7980570793151856},"size":13.905497550964356,"orthographic":false}