{"cameraMode":{"drawMode":0,"name":"Shaded","section":"Shading Mode"},"sceneLighting":false,"audioPlay":false,"sceneViewState":{"m_AlwaysRefresh":false,"showFog":true,"showSkybox":false,"showFlares":true,"showImageEffects":true,"showParticleSystems":true,"showVisualEffectGraphs":true,"m_FxEnabled":true},"in2DMode":false,"pivot":{"x":-0.0013647973537445069,"y":-0.07270011305809021,"z":-0.028079509735107423},"rotation":{"x":-0.1022324338555336,"y":-0.8960675001144409,"z":0.2745380699634552,"w":-0.33359265327453616},"size":0.1576363742351532,"orthographic":false}