{"cameraMode":{"drawMode":0,"name":"Shaded","section":"Shading Mode"},"sceneLighting":false,"audioPlay":false,"sceneViewState":{"m_AlwaysRefresh":false,"showFog":true,"showSkybox":false,"showFlares":true,"showImageEffects":true,"showParticleSystems":true,"showVisualEffectGraphs":true,"m_FxEnabled":true},"in2DMode":false,"pivot":{"x":0.00005447864532470703,"y":0.8071639537811279,"z":-0.019571952521800996},"rotation":{"x":0.0022175924386829139,"y":-0.9889926314353943,"z":0.015147028490900994,"w":0.14736753702163697},"size":1.3102763891220093,"orthographic":false}